start_page,end_page
2,12
13,25
26,40
41,50
51,69
70,83
84,97
98,110
111,125
126,145
146,154
155,168
169,182
183,190
191,206
207,219
220,232
233,245
246,258
259,272
273,285
286,296
297,309
310,321
322,335
336,352
353,369
370,386
387,403
404,416
417,432
433,445
446,457
458,467
468,479
480,491
491,504
505,510
511,522
523,540
541,554
555,566
567,580
581,593
594,603
604,617
618,629
630,641
642,654
655,668
669,682
683,695
696,711
712,725
726,739
740,754
755,769
770,782
783,793
794,807
808,820
821,834
835,846
847,860
873,888
889,901
902,915
916,924
925,933
934,947
948,961
962,977
978,994
995,1008
1009,1023
1024,1034
1035,1048
1049,1065
1066,1081
1082,1095
1096,1108
1109,1122
1123,1138
1139,1151
1152,1165
1166,1179
1180,1192
1193,1209
1210,1216
1217,1230
1231,1245
1246,1261
1262,1276
1277,1289
1290,1303
1304,1319
1320,1333
1334,1349
1350,1361
1362,1374
1375,1386
1387,1399
1400,1412
1413,1418
1419,1431
1432,1443
1444,1453
1454,1469
1470,1484
1485,1500
1501,1513
1514,1526
1527,1543
1544,1561
1562,1575
1576,1590
1591,1604
1605,1617
1618,1630
1631,1645
1646,1660
1661,1674
1675,1687
1688,1699
1700,1713
1726,1739
1740,1752
1753,1762
1763,1774
1775,1784
1785,1799
1800,1811
1812,1834
1835,1849
1850,1863
1864,1875
1876,1889
1890,1901
1902,1913
1914,1933
1934,1945
1946,1956
1957,1969
1970,1981
1982,1996
1997,2009
2010,2022
2023,2038
2039,2051
2052,2067
2068,2081
2082,2096
2097,2111
2112,2123
2124,2136
2137,2152
2153,2165
2166,2178
2179,2192
2193,2207
2208,2220
2221,2235
2236,2245
2246,2259
2260,2272
2273,2286
2287,2299
2300,2315
2316,2329
2330,2343
2344,2358
2359,2371
2372,2384
2385,2396
2397,2409
2410,2421
2422,2435
2436,2447
2448,2461
2462,2474
2475,2488
2489,2503
2504,2517
